{"PR_Ecstasy_c1":{"x0":-1830.3835605841427,"y0":-1586.6475471761842,"x1":1688.5792259645664,"y1":1593.7675623730415,"x":3.767537451740743,"y":-0.15919172331298914,"scale":0.05306390777099638,"half":false,"forScreen":false},"PR_aura_bp":{"x0":-167.11276507711617,"y0":-153.62385541481342,"x1":173.36161687036378,"y1":149.93506954486674,"x":-1.522809443441841,"y":1.015206295627894,"scale":0.507603147813947,"half":false,"forScreen":false},"PR_aura_bp2":{"x0":-299.1715447154472,"y0":-300.13821138211387,"x1":301.1048780487805,"y1":300.13821138211387,"x":0,"y":0,"scale":0.27870439394833235,"half":false,"forScreen":false},"PR_aura_static_b":{"x0":-46.81514166741452,"y0":-47.97387459351185,"x1":47.065186354565625,"y1":36.349497042368384,"x":0,"y":6,"scale":1,"half":false,"forScreen":false},"PR_aureole_c":{"x0":-163.53128321945147,"y0":-151.6254017840762,"x1":166.85011233554286,"y1":116.44443294871841,"x":-0.6274134612993783,"y":11.293442303388808,"scale":0.6274134612993783,"half":false,"forScreen":false},"PR_barrier_c":{"x0":-112.49087951393139,"y0":-159.50166394148727,"x1":113.29623283535868,"y1":65.34840057590688,"x":0,"y":34.027512560382746,"scale":0.7089065116746405,"half":false,"forScreen":false},"PR_bubble_c":{"x0":-39.94019339144797,"y0":-67.76434196530886,"x1":40.56187633707168,"y1":13.8605542840614,"x":0,"y":27,"scale":1,"half":false,"forScreen":false},"PR_bubble_cp":{"x0":-24.57582457039051,"y0":-232.90320711482713,"x1":25.93505022308191,"y1":0.5478472595186585,"x":0,"y":84.17711944228243,"scale":0.7194625593357473,"half":false,"forScreen":false},"PR_charge_c":{"x0":-170.05299189877766,"y0":-221.510731272834,"x1":178.68585072881686,"y1":131.77516311746524,"x":-1.8694910780826943,"y":21.031774628430313,"scale":0.4673727695206736,"half":false,"forScreen":false},"PR_chest_c":{"x0":-29.72129517870998,"y0":-31.174902735055483,"x1":29.278673679393307,"y1":-4.825097264944516,"x":1,"y":18,"scale":1,"half":false,"forScreen":false},"PR_chest_c1":{"x0":-28.105857673051176,"y0":-44.73530849023098,"x1":30.118425481183955,"y1":-6.08863325736773,"x":-1,"y":26,"scale":1,"half":false,"forScreen":false},"PR_chest_c3":{"x0":-68.2254924042525,"y0":-85.26552377653233,"x1":68.67781328144329,"y1":51.14304385999914,"x":0,"y":18,"scale":1,"half":false,"forScreen":false},"PR_cracker_l":{"x0":-410.9512765758547,"y0":-649.440306815923,"x1":484.668773010364,"y1":328.80793396161636,"x":-5.809644554388411,"y":25.98202147934817,"scale":0.16137901539967808,"half":false,"forScreen":false},"PR_cracker_min_l":{"x0":-28.38562174798775,"y0":-220.29142576832282,"x1":259.5178992346751,"y1":85.91903317719088,"x":-57.69947205273497,"y":34.11794869205198,"scale":0.5017345395889997,"half":false,"forScreen":false},"PR_cracker_min_r":{"x0":-250.10031266227313,"y0":-230.3318205205774,"x1":16.55877876831557,"y1":64.89434684372078,"x":64.58150695304926,"y":45.81423142823152,"scale":0.5519786919064039,"half":false,"forScreen":false},"PR_cracker_r":{"x0":-513.8260409371696,"y0":-548.7629063778203,"x1":479.504988837657,"y1":299.7905890981535,"x":3.5350585815247597,"y":24.549017927255274,"scale":0.1963921434180422,"half":false,"forScreen":false},"PR_dark_gate_c":{"x0":-137.75136028595873,"y0":-163.96709695401395,"x1":134.79433984600374,"y1":102.03659103786055,"x":1.2326253427051788,"y":19.105692811930272,"scale":0.6163126713525894,"half":false,"forScreen":false},"PR_direct_screenDiffusion1":{"x0":-484.9097221155023,"y0":-483.19050825458646,"x1":469.29240927031935,"y1":480.1131272083758,"x":1.3680361332402078,"y":0.34200903331005195,"scale":0.17100451665502597,"half":false,"forScreen":false},"PR_direct_screenDiffusion2":{"x0":-2591.7388106756757,"y0":-2944.2412457762825,"x1":2774.026217622122,"y1":2871.8476546267098,"x":-2.405381903177834,"y":0.9780124221712073,"scale":0.026432768166789387,"half":false,"forScreen":false},"PR_direct_screenRing":{"x0":-1494.2977492101265,"y0":-1519.3326758185542,"x1":1496.3676024269819,"y1":1471.3326758185542,"x":-0.052297567696102304,"y":1.2551416247064553,"scale":0.052297567696102304,"half":false,"forScreen":false},"PR_dish_steam_c":{"x0":-27.83915777640504,"y0":-91.02005289427198,"x1":27.83915777640504,"y1":-0.47610564977458125,"x":0,"y":46,"scale":1,"half":false,"forScreen":false},"PR_drag":{"x0":-20.09953512481813,"y0":-20.09953512481813,"x1":20.09953512481813,"y1":20.09953512481813,"x":0,"y":0,"scale":1,"half":false,"forScreen":false},"PR_dust_walk":{"x0":-54.64347112935981,"y0":-83.8775049780129,"x1":74.01962950771896,"y1":18.103144926246323,"x":-9,"y":33,"scale":1,"half":false,"forScreen":false},"PR_enemy_Collapse1":{"x0":-321.6760994579514,"y0":-308.327677814461,"x1":319.51074850021394,"y1":322.36106660077564,"x":0.521668605726793,"y":-1.8258401200437753,"scale":0.2608343028633965,"half":false,"forScreen":false},"PR_explode_cp_1":{"x0":-66.60000000000001,"y0":-90.66666666666667,"x1":66.73333333333333,"y1":42.66666666666667,"x":0,"y":24,"scale":1,"half":false,"forScreen":false},"PR_explode_cp_2":{"x0":-254.72936075698607,"y0":-235.97572485128333,"x1":246.9926626585463,"y1":245.82306396594052,"x":1.30290643000877,"y":-1.30290643000877,"scale":0.3257266075021925,"half":false,"forScreen":false},"PR_explode_cp_3":{"x0":-133.42357723577237,"y0":-158.39024390243904,"x1":135.3569105691057,"y1":110.39024390243904,"x":0,"y":14.938555515630611,"scale":0.6224398131512755,"half":false,"forScreen":false},"PR_explode_cp_4":{"x0":-140.1506714146081,"y0":-150.97543044142003,"x1":129.51342185977643,"y1":104.89462560067038,"x":3.602680970478794,"y":14.410723881915176,"scale":0.6004468284131323,"half":false,"forScreen":false},"PR_fire_c":{"x0":-80.88506584347546,"y0":-174.3491320559185,"x1":79.79840288029165,"y1":30.28706482227711,"x":0.7723118356748854,"y":56.378764004266635,"scale":0.7723118356748854,"half":false,"forScreen":false},"PR_fire_pillar_c":{"x0":-47.10039335378494,"y0":-124.31375587972023,"x1":46.997586411571696,"y1":19.99287413717199,"x":1,"y":53,"scale":1,"half":false,"forScreen":false},"PR_fireworks_c":{"x0":-189.15403120174997,"y0":-195.18807579656382,"x1":200.1036263359682,"y1":198.15913444574304,"x":-2.0864286183236556,"y":-0.4172857236647311,"scale":0.4172857236647311,"half":false,"forScreen":false},"PR_fireworks_dragon_c":{"x0":-64.43449485180726,"y0":-263.7454555668704,"x1":77.6781804850921,"y1":4.942201504746593,"x":-3.4784316523766776,"y":75.36601913482801,"scale":0.5797386087294463,"half":false,"forScreen":false},"PR_flower_walk":{"x0":-46.72933299461164,"y0":-42.84859663553994,"x1":45.06089909848306,"y1":42.94025148125036,"x":1,"y":0,"scale":1,"half":false,"forScreen":false},"PR_fuss_c":{"x0":-83.86173282127315,"y0":-99.44359617818932,"x1":99.3295640532679,"y1":26.7198489488722,"x":-7,"y":37,"scale":1,"half":false,"forScreen":false},"PR_fuss_startdash":{"x0":-36.17166399909577,"y0":-78.70331785289149,"x1":41.58972443901085,"y1":-2.961952637586354,"x":-2,"y":41,"scale":1,"half":false,"forScreen":false},"PR_fuss_walk":{"x0":-39.732355409650744,"y0":-80.57112779929088,"x1":36.81769184062145,"y1":1.9173216113744376,"x":2,"y":40,"scale":1,"half":false,"forScreen":false},"PR_fw_base":{"x0":-6.422435897435896,"y0":-145.48995726495713,"x1":6.422435897435898,"y1":302.0976495726496,"x":0,"y":-26.861740006762055,"scale":0.3443812821379751,"half":false,"forScreen":false},"PR_glitter_fade_cp":{"x0":-111.38667609935294,"y0":-138.23052831623932,"x1":103.46359752855457,"y1":92.32149851394855,"x":2.92908472839087,"y":16.842237188247502,"scale":0.7322711820977175,"half":false,"forScreen":false},"PR_goods_shine1":{"x0":-15.027625530348239,"y0":-35.7928700649708,"x1":15.001458437728566,"y1":-5.763786096893998,"x":1,"y":21,"scale":1,"half":false,"forScreen":false},"PR_goods_shine2":{"x0":-20.340718035629557,"y0":-67.02686369615982,"x1":21.765381188842923,"y1":-1.3073454512761158,"x":0,"y":35,"scale":1,"half":false,"forScreen":false}}